Race,Accuracy,Precision,Recall,F1 Score,AUROC,Best Threshold,Rejected Unknowns
White_augmented,0.888755980861244,0.8615107913669064,0.9676767676767676,0.91151284490961,0.8528300000000002,0.95,1164
Black_augmented,0.9815950920245399,0.9741379310344828,1.0,0.9868995633187773,0.943075,0.95,237
