Accuracy,Precision,Recall,F1 Score,AUROC,Rejected Unknowns,Race
0.8641114982578397,0.8125,0.981132075471698,0.8888888888888888,0.885425,113,Black_augmented
0.8395522388059702,0.7868852459016393,0.972972972972973,0.8700906344410876,0.858325,132,Indian_augmented
0.8630705394190872,0.8370786516853933,0.9738562091503268,0.9003021148036254,0.89015,159,East_Asian_augmented
0.9010989010989012,0.8810810810810811,0.9702380952380952,0.923512747875354,0.9132,127,Southeast_Asian_augmented
0.8808664259927798,0.8629441624365483,0.9659090909090909,0.9115281501340482,0.9178250000000001,123,Latino_Hispanic_augmented
