Race,Best Threshold,F1@0.95,AUROC,Accuracy,F1@0.55,F1@0.85,F1@0.7
White_augmented,0.95,1.0,0.652021,1.0,,,
Black_augmented,0.55,,0.557975,0.5608695652173913,0.5589938300901756,,
Indian_augmented,0.95,0.9544592030360532,0.8122,0.9583333333333334,,,
East_Asian_augmented,0.95,0.988658057271196,0.9311,0.99009900990099,,,
Southeast_Asian_augmented,0.85,,0.800125,1.0,,1.0,
Latino_Hispanic_augmented,0.7,,0.91775,0.8428571428571429,,,0.8060331255116822
